,Landscape feature,Weight,Feedback,crs,Occurances,Unnamed: 0.1,Unnamed: 0
0,Haplic Luvisol,3.92,0.6499999999999999,3045,2,,
1,Dystric Cambisol,3.92,0.6499999999999999,3045,2,,
2,Eutric Fluvisol,3.0,0.7,3045,2,,
3,Luvic Phaeozem,5.0,0.7,3045,1,,
4,Eutric Cambisol,5.0,0.7,3045,1,,
5,Haplic Arenosol,3.0,0.7,3045,1,,
6,Gleyic Phaeozem,5.0,0.7,3045,1,,
7,1 1 1,1.0,0.7,3045,1,,
8,Albic Luvisol,3.0,0.6,3045,1,0.0,0.0
9,Luvic Chernozem,5.0,0.6,3045,1,2.0,2.0
10,Gleyic Luvisol,3.0,0.6,3045,1,4.0,4.0
11,Calcic Chernozem,3.0,0.6,3045,1,5.0,5.0
