,Landscape feature,Weight,Feedback,crs,Occurances,Unnamed: 0.1,Unnamed: 0
0,Calcaric Regosol,3.83,0.6,6875,5,,
1,Fluvi-Eutric Cambisol,3.15,0.59375,6875,5,,
2,Dystric Cambisol,3.92,0.6499999999999999,6875,4,,
3,Rendzina,3.0,0.6,6875,3,,
4,Eutric Cambisol,4.699999999999999,0.5874999999999999,6875,4,,
5,Chromic Luvisol,3.83,0.6,6875,4,,
6,Orthic Luvisol,3.0,0.7,6875,2,,
7,Ando-Eutric Cambisol,3.0,0.7,6875,2,,
8,Chromic Cambisol,3.3,0.5874999999999999,6875,4,,
9,Vertic Cambisol,4.75,0.5874999999999999,6875,4,,
10,Calcaro-Eutric Cambisol,4.08,0.6499999999999999,6875,3,,
11,333,1.0,0.6,6875,2,,
12,Calcaro-Vertic Cambisol,4.48,0.575,6875,3,,
13,Plano-Gleyic Luvisol,3.0,0.7,6875,2,,
14,Gleyic Luvisol,3.0,0.7,6875,1,,
15,Dystric Lithosol,3.0,0.6,6875,1,,
16,Gleyo-Eutric Fluvisol,3.0,0.5,6875,1,,
